,Survived,Age,Fare,FamilyCount,Pclass_1,Pclass_2,Pclass_3,Sex_female,Sex_male,Embarked_Cherbourg,Embarked_Queenstown,Embarked_Southampton
0,0,22.0,7.25,1,0,0,1,0,1,0,0,1
1,1,38.0,71.2833,1,1,0,0,1,0,1,0,0
2,1,26.0,7.925,0,0,0,1,1,0,0,0,1
3,1,35.0,53.1,1,1,0,0,1,0,0,0,1
4,0,35.0,8.05,0,0,0,1,0,1,0,0,1
6,0,54.0,51.8625,0,1,0,0,0,1,0,0,1
7,0,2.0,21.075,4,0,0,1,0,1,0,0,1
8,1,27.0,11.1333,2,0,0,1,1,0,0,0,1
9,1,14.0,30.0708,1,0,1,0,1,0,1,0,0
10,1,4.0,16.7,2,0,0,1,1,0,0,0,1
11,1,58.0,26.55,0,1,0,0,1,0,0,0,1
12,0,20.0,8.05,0,0,0,1,0,1,0,0,1
13,0,39.0,31.275,6,0,0,1,0,1,0,0,1
14,0,14.0,7.8542,0,0,0,1,1,0,0,0,1
15,1,55.0,16.0,0,0,1,0,1,0,0,0,1
16,0,2.0,29.125,5,0,0,1,0,1,0,1,0
18,0,31.0,18.0,1,0,0,1,1,0,0,0,1
20,0,35.0,26.0,0,0,1,0,0,1,0,0,1
21,1,34.0,13.0,0,0,1,0,0,1,0,0,1
22,1,15.0,8.0292,0,0,0,1,1,0,0,1,0
23,1,28.0,35.5,0,1,0,0,0,1,0,0,1
24,0,8.0,21.075,4,0,0,1,1,0,0,0,1
25,1,38.0,31.3875,6,0,0,1,1,0,0,0,1
27,0,19.0,263.0,5,1,0,0,0,1,0,0,1
30,0,40.0,27.7208,0,1,0,0,0,1,1,0,0
33,0,66.0,10.5,0,0,1,0,0,1,0,0,1
34,0,28.0,82.1708,1,1,0,0,0,1,1,0,0
35,0,42.0,52.0,1,1,0,0,0,1,0,0,1
37,0,21.0,8.05,0,0,0,1,0,1,0,0,1
38,0,18.0,18.0,2,0,0,1,1,0,0,0,1
39,1,14.0,11.2417,1,0,0,1,1,0,1,0,0
40,0,40.0,9.475,1,0,0,1,1,0,0,0,1
41,0,27.0,21.0,1,0,1,0,1,0,0,0,1
43,1,3.0,41.5792,3,0,1,0,1,0,1,0,0
44,1,19.0,7.8792,0,0,0,1,1,0,0,1,0
49,0,18.0,17.8,1,0,0,1,1,0,0,0,1
50,0,7.0,39.6875,5,0,0,1,0,1,0,0,1
51,0,21.0,7.8,0,0,0,1,0,1,0,0,1
52,1,49.0,76.7292,1,1,0,0,1,0,1,0,0
53,1,29.0,26.0,1,0,1,0,1,0,0,0,1
54,0,65.0,61.9792,1,1,0,0,0,1,1,0,0
56,1,21.0,10.5,0,0,1,0,1,0,0,0,1
57,0,28.5,7.2292,0,0,0,1,0,1,1,0,0
58,1,5.0,27.75,3,0,1,0,1,0,0,0,1
59,0,11.0,46.9,7,0,0,1,0,1,0,0,1
60,0,22.0,7.2292,0,0,0,1,0,1,1,0,0
62,0,45.0,83.475,1,1,0,0,0,1,0,0,1
63,0,4.0,27.9,5,0,0,1,0,1,0,0,1
66,1,29.0,10.5,0,0,1,0,1,0,0,0,1
67,0,19.0,8.1583,0,0,0,1,0,1,0,0,1
68,1,17.0,7.925,6,0,0,1,1,0,0,0,1
69,0,26.0,8.6625,2,0,0,1,0,1,0,0,1
70,0,32.0,10.5,0,0,1,0,0,1,0,0,1
71,0,16.0,46.9,7,0,0,1,1,0,0,0,1
72,0,21.0,73.5,0,0,1,0,0,1,0,0,1
73,0,26.0,14.4542,1,0,0,1,0,1,1,0,0
74,1,32.0,56.4958,0,0,0,1,0,1,0,0,1
75,0,25.0,7.65,0,0,0,1,0,1,0,0,1
78,1,0.83,29.0,2,0,1,0,0,1,0,0,1
79,1,30.0,12.475,0,0,0,1,1,0,0,0,1
80,0,22.0,9.0,0,0,0,1,0,1,0,0,1
81,1,29.0,9.5,0,0,0,1,0,1,0,0,1
83,0,28.0,47.1,0,1,0,0,0,1,0,0,1
84,1,17.0,10.5,0,0,1,0,1,0,0,0,1
85,1,33.0,15.85,3,0,0,1,1,0,0,0,1
86,0,16.0,34.375,4,0,0,1,0,1,0,0,1
88,1,23.0,263.0,5,1,0,0,1,0,0,0,1
89,0,24.0,8.05,0,0,0,1,0,1,0,0,1
90,0,29.0,8.05,0,0,0,1,0,1,0,0,1
91,0,20.0,7.8542,0,0,0,1,0,1,0,0,1
92,0,46.0,61.175,1,1,0,0,0,1,0,0,1
93,0,26.0,20.575,3,0,0,1,0,1,0,0,1
94,0,59.0,7.25,0,0,0,1,0,1,0,0,1
96,0,71.0,34.6542,0,1,0,0,0,1,1,0,0
97,1,23.0,63.3583,1,1,0,0,0,1,1,0,0
98,1,34.0,23.0,1,0,1,0,1,0,0,0,1
99,0,34.0,26.0,1,0,1,0,0,1,0,0,1
100,0,28.0,7.8958,0,0,0,1,1,0,0,0,1
102,0,21.0,77.2875,1,1,0,0,0,1,0,0,1
103,0,33.0,8.6542,0,0,0,1,0,1,0,0,1
104,0,37.0,7.925,2,0,0,1,0,1,0,0,1
105,0,28.0,7.8958,0,0,0,1,0,1,0,0,1
106,1,21.0,7.65,0,0,0,1,1,0,0,0,1
108,0,38.0,7.8958,0,0,0,1,0,1,0,0,1
110,0,47.0,52.0,0,1,0,0,0,1,0,0,1
111,0,14.5,14.4542,1,0,0,1,1,0,1,0,0
112,0,22.0,8.05,0,0,0,1,0,1,0,0,1
113,0,20.0,9.825,1,0,0,1,1,0,0,0,1
114,0,17.0,14.4583,0,0,0,1,1,0,1,0,0
115,0,21.0,7.925,0,0,0,1,0,1,0,0,1
116,0,70.5,7.75,0,0,0,1,0,1,0,1,0
117,0,29.0,21.0,1,0,1,0,0,1,0,0,1
118,0,24.0,247.5208,1,1,0,0,0,1,1,0,0
119,0,2.0,31.275,6,0,0,1,1,0,0,0,1
120,0,21.0,73.5,2,0,1,0,0,1,0,0,1
122,0,32.5,30.0708,1,0,1,0,0,1,1,0,0
123,1,32.5,13.0,0,0,1,0,1,0,0,0,1
124,0,54.0,77.2875,1,1,0,0,0,1,0,0,1
125,1,12.0,11.2417,1,0,0,1,0,1,1,0,0
127,1,24.0,7.1417,0,0,0,1,0,1,0,0,1
129,0,45.0,6.975,0,0,0,1,0,1,0,0,1
130,0,33.0,7.8958,0,0,0,1,0,1,1,0,0
131,0,20.0,7.05,0,0,0,1,0,1,0,0,1
132,0,47.0,14.5,1,0,0,1,1,0,0,0,1
133,1,29.0,26.0,1,0,1,0,1,0,0,0,1
134,0,25.0,13.0,0,0,1,0,0,1,0,0,1
135,0,23.0,15.0458,0,0,1,0,0,1,1,0,0
136,1,19.0,26.2833,2,1,0,0,1,0,0,0,1
137,0,37.0,53.1,1,1,0,0,0,1,0,0,1
138,0,16.0,9.2167,0,0,0,1,0,1,0,0,1
139,0,24.0,79.2,0,1,0,0,0,1,1,0,0
141,1,22.0,7.75,0,0,0,1,1,0,0,0,1
142,1,24.0,15.85,1,0,0,1,1,0,0,0,1
143,0,19.0,6.75,0,0,0,1,0,1,0,1,0
144,0,18.0,11.5,0,0,1,0,0,1,0,0,1
145,0,19.0,36.75,2,0,1,0,0,1,0,0,1
146,1,27.0,7.7958,0,0,0,1,0,1,0,0,1
147,0,9.0,34.375,4,0,0,1,1,0,0,0,1
148,0,36.5,26.0,2,0,1,0,0,1,0,0,1
149,0,42.0,13.0,0,0,1,0,0,1,0,0,1
150,0,51.0,12.525,0,0,1,0,0,1,0,0,1
151,1,22.0,66.6,1,1,0,0,1,0,0,0,1
152,0,55.5,8.05,0,0,0,1,0,1,0,0,1
153,0,40.5,14.5,2,0,0,1,0,1,0,0,1
155,0,51.0,61.3792,1,1,0,0,0,1,1,0,0
156,1,16.0,7.7333,0,0,0,1,1,0,0,1,0
157,0,30.0,8.05,0,0,0,1,0,1,0,0,1
160,0,44.0,16.1,1,0,0,1,0,1,0,0,1
161,1,40.0,15.75,0,0,1,0,1,0,0,0,1
162,0,26.0,7.775,0,0,0,1,0,1,0,0,1
163,0,17.0,8.6625,0,0,0,1,0,1,0,0,1
164,0,1.0,39.6875,5,0,0,1,0,1,0,0,1
165,1,9.0,20.525,2,0,0,1,0,1,0,0,1
167,0,45.0,27.9,5,0,0,1,1,0,0,0,1
169,0,28.0,56.4958,0,0,0,1,0,1,0,0,1
170,0,61.0,33.5,0,1,0,0,0,1,0,0,1
171,0,4.0,29.125,5,0,0,1,0,1,0,1,0
172,1,1.0,11.1333,2,0,0,1,1,0,0,0,1
173,0,21.0,7.925,0,0,0,1,0,1,0,0,1
174,0,56.0,30.6958,0,1,0,0,0,1,1,0,0
175,0,18.0,7.8542,2,0,0,1,0,1,0,0,1
177,0,50.0,28.7125,0,1,0,0,1,0,1,0,0
178,0,30.0,13.0,0,0,1,0,0,1,0,0,1
179,0,36.0,0.0,0,0,0,1,0,1,0,0,1
182,0,9.0,31.3875,6,0,0,1,0,1,0,0,1
183,1,1.0,39.0,3,0,1,0,0,1,0,0,1
184,1,4.0,22.025,2,0,0,1,1,0,0,0,1
187,1,45.0,26.55,0,1,0,0,0,1,0,0,1
188,0,40.0,15.5,2,0,0,1,0,1,0,1,0
189,0,36.0,7.8958,0,0,0,1,0,1,0,0,1
190,1,32.0,13.0,0,0,1,0,1,0,0,0,1
191,0,19.0,13.0,0,0,1,0,0,1,0,0,1
192,1,19.0,7.8542,1,0,0,1,1,0,0,0,1
193,1,3.0,26.0,2,0,1,0,0,1,0,0,1
194,1,44.0,27.7208,0,1,0,0,1,0,1,0,0
195,1,58.0,146.5208,0,1,0,0,1,0,1,0,0
197,0,42.0,8.4042,1,0,0,1,0,1,0,0,1
199,0,24.0,13.0,0,0,1,0,1,0,0,0,1
200,0,28.0,9.5,0,0,0,1,0,1,0,0,1
202,0,34.0,6.4958,0,0,0,1,0,1,0,0,1
203,0,45.5,7.225,0,0,0,1,0,1,1,0,0
204,1,18.0,8.05,0,0,0,1,0,1,0,0,1
205,0,2.0,10.4625,1,0,0,1,1,0,0,0,1
206,0,32.0,15.85,1,0,0,1,0,1,0,0,1
207,1,26.0,18.7875,0,0,0,1,0,1,1,0,0
208,1,16.0,7.75,0,0,0,1,1,0,0,1,0
209,1,40.0,31.0,0,1,0,0,0,1,1,0,0
210,0,24.0,7.05,0,0,0,1,0,1,0,0,1
211,1,35.0,21.0,0,0,1,0,1,0,0,0,1
212,0,22.0,7.25,0,0,0,1,0,1,0,0,1
213,0,30.0,13.0,0,0,1,0,0,1,0,0,1
215,1,31.0,113.275,1,1,0,0,1,0,1,0,0
216,1,27.0,7.925,0,0,0,1,1,0,0,0,1
217,0,42.0,27.0,1,0,1,0,0,1,0,0,1
218,1,32.0,76.2917,0,1,0,0,1,0,1,0,0
219,0,30.0,10.5,0,0,1,0,0,1,0,0,1
220,1,16.0,8.05,0,0,0,1,0,1,0,0,1
221,0,27.0,13.0,0,0,1,0,0,1,0,0,1
222,0,51.0,8.05,0,0,0,1,0,1,0,0,1
224,1,38.0,90.0,1,1,0,0,0,1,0,0,1
225,0,22.0,9.35,0,0,0,1,0,1,0,0,1
226,1,19.0,10.5,0,0,1,0,0,1,0,0,1
227,0,20.5,7.25,0,0,0,1,0,1,0,0,1
228,0,18.0,13.0,0,0,1,0,0,1,0,0,1
230,1,35.0,83.475,1,1,0,0,1,0,0,0,1
231,0,29.0,7.775,0,0,0,1,0,1,0,0,1
232,0,59.0,13.5,0,0,1,0,0,1,0,0,1
233,1,5.0,31.3875,6,0,0,1,1,0,0,0,1
234,0,24.0,10.5,0,0,1,0,0,1,0,0,1
236,0,44.0,26.0,1,0,1,0,0,1,0,0,1
237,1,8.0,26.25,2,0,1,0,1,0,0,0,1
238,0,19.0,10.5,0,0,1,0,0,1,0,0,1
239,0,33.0,12.275,0,0,1,0,0,1,0,0,1
242,0,29.0,10.5,0,0,1,0,0,1,0,0,1
243,0,22.0,7.125,0,0,0,1,0,1,0,0,1
244,0,30.0,7.225,0,0,0,1,0,1,1,0,0
245,0,44.0,90.0,2,1,0,0,0,1,0,1,0
246,0,25.0,7.775,0,0,0,1,1,0,0,0,1
247,1,24.0,14.5,2,0,1,0,1,0,0,0,1
248,1,37.0,52.5542,2,1,0,0,0,1,0,0,1
249,0,54.0,26.0,1,0,1,0,0,1,0,0,1
251,0,29.0,10.4625,2,0,0,1,1,0,0,0,1
252,0,62.0,26.55,0,1,0,0,0,1,0,0,1
253,0,30.0,16.1,1,0,0,1,0,1,0,0,1
254,0,41.0,20.2125,2,0,0,1,1,0,0,0,1
255,1,29.0,15.2458,2,0,0,1,1,0,1,0,0
257,1,30.0,86.5,0,1,0,0,1,0,0,0,1
258,1,35.0,512.3292,0,1,0,0,1,0,1,0,0
259,1,50.0,26.0,1,0,1,0,1,0,0,0,1
261,1,3.0,31.3875,6,0,0,1,0,1,0,0,1
262,0,52.0,79.65,2,1,0,0,0,1,0,0,1
263,0,40.0,0.0,0,1,0,0,0,1,0,0,1
265,0,36.0,10.5,0,0,1,0,0,1,0,0,1
266,0,16.0,39.6875,5,0,0,1,0,1,0,0,1
267,1,25.0,7.775,1,0,0,1,0,1,0,0,1
268,1,58.0,153.4625,1,1,0,0,1,0,0,0,1
269,1,35.0,135.6333,0,1,0,0,1,0,0,0,1
271,1,25.0,0.0,0,0,0,1,0,1,0,0,1
272,1,41.0,19.5,1,0,1,0,1,0,0,0,1
273,0,37.0,29.7,1,1,0,0,0,1,1,0,0
275,1,63.0,77.9583,1,1,0,0,1,0,0,0,1
276,0,45.0,7.75,0,0,0,1,1,0,0,0,1
278,0,7.0,29.125,5,0,0,1,0,1,0,1,0
279,1,35.0,20.25,2,0,0,1,1,0,0,0,1
280,0,65.0,7.75,0,0,0,1,0,1,0,1,0
281,0,28.0,7.8542,0,0,0,1,0,1,0,0,1
282,0,16.0,9.5,0,0,0,1,0,1,0,0,1
283,1,19.0,8.05,0,0,0,1,0,1,0,0,1
285,0,33.0,8.6625,0,0,0,1,0,1,1,0,0
286,1,30.0,9.5,0,0,0,1,0,1,0,0,1
287,0,22.0,7.8958,0,0,0,1,0,1,0,0,1
288,1,42.0,13.0,0,0,1,0,0,1,0,0,1
289,1,22.0,7.75,0,0,0,1,1,0,0,1,0
290,1,26.0,78.85,0,1,0,0,1,0,0,0,1
291,1,19.0,91.0792,1,1,0,0,1,0,1,0,0
292,0,36.0,12.875,0,0,1,0,0,1,1,0,0
293,0,24.0,8.85,0,0,0,1,1,0,0,0,1
294,0,24.0,7.8958,0,0,0,1,0,1,0,0,1
296,0,23.5,7.2292,0,0,0,1,0,1,1,0,0
297,0,2.0,151.55,3,1,0,0,1,0,0,0,1
299,1,50.0,247.5208,1,1,0,0,1,0,1,0,0
302,0,19.0,0.0,0,0,0,1,0,1,0,0,1
305,1,0.92,151.55,3,1,0,0,0,1,0,0,1
307,1,17.0,108.9,1,1,0,0,1,0,1,0,0
308,0,30.0,24.0,1,0,1,0,0,1,1,0,0
309,1,30.0,56.9292,0,1,0,0,1,0,1,0,0
310,1,24.0,83.1583,0,1,0,0,1,0,1,0,0
311,1,18.0,262.375,4,1,0,0,1,0,1,0,0
312,0,26.0,26.0,2,0,1,0,1,0,0,0,1
313,0,28.0,7.8958,0,0,0,1,0,1,0,0,1
314,0,43.0,26.25,2,0,1,0,0,1,0,0,1
315,1,26.0,7.8542,0,0,0,1,1,0,0,0,1
316,1,24.0,26.0,1,0,1,0,1,0,0,0,1
317,0,54.0,14.0,0,0,1,0,0,1,0,0,1
318,1,31.0,164.8667,2,1,0,0,1,0,0,0,1
319,1,40.0,134.5,2,1,0,0,1,0,1,0,0
320,0,22.0,7.25,0,0,0,1,0,1,0,0,1
321,0,27.0,7.8958,0,0,0,1,0,1,0,0,1
322,1,30.0,12.35,0,0,1,0,1,0,0,1,0
323,1,22.0,29.0,2,0,1,0,1,0,0,0,1
325,1,36.0,135.6333,0,1,0,0,1,0,1,0,0
326,0,61.0,6.2375,0,0,0,1,0,1,0,0,1
327,1,36.0,13.0,0,0,1,0,1,0,0,0,1
328,1,31.0,20.525,2,0,0,1,1,0,0,0,1
329,1,16.0,57.9792,1,1,0,0,1,0,1,0,0
331,0,45.5,28.5,0,1,0,0,0,1,0,0,1
332,0,38.0,153.4625,1,1,0,0,0,1,0,0,1
333,0,16.0,18.0,2,0,0,1,0,1,0,0,1
336,0,29.0,66.6,1,1,0,0,0,1,0,0,1
337,1,41.0,134.5,0,1,0,0,1,0,1,0,0
338,1,45.0,8.05,0,0,0,1,0,1,0,0,1
339,0,45.0,35.5,0,1,0,0,0,1,0,0,1
340,1,2.0,26.0,2,0,1,0,0,1,0,0,1
341,1,24.0,263.0,5,1,0,0,1,0,0,0,1
342,0,28.0,13.0,0,0,1,0,0,1,0,0,1
343,0,25.0,13.0,0,0,1,0,0,1,0,0,1
344,0,36.0,13.0,0,0,1,0,0,1,0,0,1
345,1,24.0,13.0,0,0,1,0,1,0,0,0,1
346,1,40.0,13.0,0,0,1,0,1,0,0,0,1
348,1,3.0,15.9,2,0,0,1,0,1,0,0,1
349,0,42.0,8.6625,0,0,0,1,0,1,0,0,1
350,0,23.0,9.225,0,0,0,1,0,1,0,0,1
352,0,15.0,7.2292,2,0,0,1,0,1,1,0,0
353,0,25.0,17.8,1,0,0,1,0,1,0,0,1
355,0,28.0,9.5,0,0,0,1,0,1,0,0,1
356,1,22.0,55.0,1,1,0,0,1,0,0,0,1
357,0,38.0,13.0,0,0,1,0,1,0,0,0,1
360,0,40.0,27.9,5,0,0,1,0,1,0,0,1
361,0,29.0,27.7208,1,0,1,0,0,1,1,0,0
362,0,45.0,14.4542,1,0,0,1,1,0,1,0,0
363,0,35.0,7.05,0,0,0,1,0,1,0,0,1
365,0,30.0,7.25,0,0,0,1,0,1,0,0,1
366,1,60.0,75.25,1,1,0,0,1,0,1,0,0
369,1,24.0,69.3,0,1,0,0,1,0,1,0,0
370,1,25.0,55.4417,1,1,0,0,0,1,1,0,0
371,0,18.0,6.4958,1,0,0,1,0,1,0,0,1
372,0,19.0,8.05,0,0,0,1,0,1,0,0,1
373,0,22.0,135.6333,0,1,0,0,0,1,1,0,0
374,0,3.0,21.075,4,0,0,1,1,0,0,0,1
376,1,22.0,7.25,0,0,0,1,1,0,0,0,1
377,0,27.0,211.5,2,1,0,0,0,1,1,0,0
378,0,20.0,4.0125,0,0,0,1,0,1,1,0,0
379,0,19.0,7.775,0,0,0,1,0,1,0,0,1
380,1,42.0,227.525,0,1,0,0,1,0,1,0,0
381,1,1.0,15.7417,2,0,0,1,1,0,1,0,0
382,0,32.0,7.925,0,0,0,1,0,1,0,0,1
383,1,35.0,52.0,1,1,0,0,1,0,0,0,1
385,0,18.0,73.5,0,0,1,0,0,1,0,0,1
386,0,1.0,46.9,7,0,0,1,0,1,0,0,1
387,1,36.0,13.0,0,0,1,0,1,0,0,0,1
389,1,17.0,12.0,0,0,1,0,1,0,1,0,0
390,1,36.0,120.0,3,1,0,0,0,1,0,0,1
391,1,21.0,7.7958,0,0,0,1,0,1,0,0,1
392,0,28.0,7.925,2,0,0,1,0,1,0,0,1
393,1,23.0,113.275,1,1,0,0,1,0,1,0,0
394,1,24.0,16.7,2,0,0,1,1,0,0,0,1
395,0,22.0,7.7958,0,0,0,1,0,1,0,0,1
396,0,31.0,7.8542,0,0,0,1,1,0,0,0,1
397,0,46.0,26.0,0,0,1,0,0,1,0,0,1
398,0,23.0,10.5,0,0,1,0,0,1,0,0,1
399,1,28.0,12.65,0,0,1,0,1,0,0,0,1
400,1,39.0,7.925,0,0,0,1,0,1,0,0,1
401,0,26.0,8.05,0,0,0,1,0,1,0,0,1
402,0,21.0,9.825,1,0,0,1,1,0,0,0,1
403,0,28.0,15.85,1,0,0,1,0,1,0,0,1
404,0,20.0,8.6625,0,0,0,1,1,0,0,0,1
405,0,34.0,21.0,1,0,1,0,0,1,0,0,1
406,0,51.0,7.75,0,0,0,1,0,1,0,0,1
407,1,3.0,18.75,2,0,1,0,0,1,0,0,1
408,0,21.0,7.775,0,0,0,1,0,1,0,0,1
412,1,33.0,90.0,1,1,0,0,1,0,0,1,0
414,1,44.0,7.925,0,0,0,1,0,1,0,0,1
416,1,34.0,32.5,2,0,1,0,1,0,0,0,1
417,1,18.0,13.0,2,0,1,0,1,0,0,0,1
418,0,30.0,13.0,0,0,1,0,0,1,0,0,1
419,0,10.0,24.15,2,0,0,1,1,0,0,0,1
421,0,21.0,7.7333,0,0,0,1,0,1,0,1,0
422,0,29.0,7.875,0,0,0,1,0,1,0,0,1
423,0,28.0,14.4,2,0,0,1,1,0,0,0,1
424,0,18.0,20.2125,2,0,0,1,0,1,0,0,1
426,1,28.0,26.0,1,0,1,0,1,0,0,0,1
427,1,19.0,26.0,0,0,1,0,1,0,0,0,1
429,1,32.0,8.05,0,0,0,1,0,1,0,0,1
430,1,28.0,26.55,0,1,0,0,0,1,0,0,1
432,1,42.0,26.0,1,0,1,0,1,0,0,0,1
433,0,17.0,7.125,0,0,0,1,0,1,0,0,1
434,0,50.0,55.9,1,1,0,0,0,1,0,0,1
435,1,14.0,120.0,3,1,0,0,1,0,0,0,1
436,0,21.0,34.375,4,0,0,1,1,0,0,0,1
437,1,24.0,18.75,5,0,1,0,1,0,0,0,1
438,0,64.0,263.0,5,1,0,0,0,1,0,0,1
439,0,31.0,10.5,0,0,1,0,0,1,0,0,1
440,1,45.0,26.25,2,0,1,0,1,0,0,0,1
441,0,20.0,9.5,0,0,0,1,0,1,0,0,1
442,0,25.0,7.775,1,0,0,1,0,1,0,0,1
443,1,28.0,13.0,0,0,1,0,1,0,0,0,1
445,1,4.0,81.8583,2,1,0,0,0,1,0,0,1
446,1,13.0,19.5,1,0,1,0,1,0,0,0,1
447,1,34.0,26.55,0,1,0,0,0,1,0,0,1
448,1,5.0,19.2583,3,0,0,1,1,0,1,0,0
449,1,52.0,30.5,0,1,0,0,0,1,0,0,1
450,0,36.0,27.75,3,0,1,0,0,1,0,0,1
452,0,30.0,27.75,0,1,0,0,0,1,1,0,0
453,1,49.0,89.1042,1,1,0,0,0,1,1,0,0
455,1,29.0,7.8958,0,0,0,1,0,1,1,0,0
456,0,65.0,26.55,0,1,0,0,0,1,0,0,1
458,1,50.0,10.5,0,0,1,0,1,0,0,0,1
460,1,48.0,26.55,0,1,0,0,0,1,0,0,1
461,0,34.0,8.05,0,0,0,1,0,1,0,0,1
462,0,47.0,38.5,0,1,0,0,0,1,0,0,1
463,0,48.0,13.0,0,0,1,0,0,1,0,0,1
465,0,38.0,7.05,0,0,0,1,0,1,0,0,1
467,0,56.0,26.55,0,1,0,0,0,1,0,0,1
469,1,0.75,19.2583,3,0,0,1,1,0,1,0,0
471,0,38.0,8.6625,0,0,0,1,0,1,0,0,1
472,1,33.0,27.75,3,0,1,0,1,0,0,0,1
473,1,23.0,13.7917,0,0,1,0,1,0,1,0,0
474,0,22.0,9.8375,0,0,0,1,1,0,0,0,1
476,0,34.0,21.0,1,0,1,0,0,1,0,0,1
477,0,29.0,7.0458,1,0,0,1,0,1,0,0,1
478,0,22.0,7.5208,0,0,0,1,0,1,0,0,1
479,1,2.0,12.2875,1,0,0,1,1,0,0,0,1
480,0,9.0,46.9,7,0,0,1,0,1,0,0,1
482,0,50.0,8.05,0,0,0,1,0,1,0,0,1
483,1,63.0,9.5875,0,0,0,1,1,0,0,0,1
484,1,25.0,91.0792,1,1,0,0,0,1,1,0,0
486,1,35.0,90.0,1,1,0,0,1,0,0,0,1
487,0,58.0,29.7,0,1,0,0,0,1,1,0,0
488,0,30.0,8.05,0,0,0,1,0,1,0,0,1
489,1,9.0,15.9,2,0,0,1,0,1,0,0,1
491,0,21.0,7.25,0,0,0,1,0,1,0,0,1
492,0,55.0,30.5,0,1,0,0,0,1,0,0,1
493,0,71.0,49.5042,0,1,0,0,0,1,1,0,0
494,0,21.0,8.05,0,0,0,1,0,1,0,0,1
496,1,54.0,78.2667,1,1,0,0,1,0,1,0,0
498,0,25.0,151.55,3,1,0,0,1,0,0,0,1
499,0,24.0,7.7958,0,0,0,1,0,1,0,0,1
500,0,17.0,8.6625,0,0,0,1,0,1,0,0,1
501,0,21.0,7.75,0,0,0,1,1,0,0,1,0
503,0,37.0,9.5875,0,0,0,1,1,0,0,0,1
504,1,16.0,86.5,0,1,0,0,1,0,0,0,1
505,0,18.0,108.9,1,1,0,0,0,1,1,0,0
506,1,33.0,26.0,2,0,1,0,1,0,0,0,1
508,0,28.0,22.525,0,0,0,1,0,1,0,0,1
509,1,26.0,56.4958,0,0,0,1,0,1,0,0,1
510,1,29.0,7.75,0,0,0,1,0,1,0,1,0
512,1,36.0,26.2875,0,1,0,0,0,1,0,0,1
513,1,54.0,59.4,1,1,0,0,1,0,1,0,0
514,0,24.0,7.4958,0,0,0,1,0,1,0,0,1
515,0,47.0,34.0208,0,1,0,0,0,1,0,0,1
516,1,34.0,10.5,0,0,1,0,1,0,0,0,1
518,1,36.0,26.0,1,0,1,0,1,0,0,0,1
519,0,32.0,7.8958,0,0,0,1,0,1,0,0,1
520,1,30.0,93.5,0,1,0,0,1,0,0,0,1
521,0,22.0,7.8958,0,0,0,1,0,1,0,0,1
523,1,44.0,57.9792,1,1,0,0,1,0,1,0,0
525,0,40.5,7.75,0,0,0,1,0,1,0,1,0
526,1,50.0,10.5,0,0,1,0,1,0,0,0,1
528,0,39.0,7.925,0,0,0,1,0,1,0,0,1
529,0,23.0,11.5,3,0,1,0,0,1,0,0,1
530,1,2.0,26.0,2,0,1,0,1,0,0,0,1
532,0,17.0,7.2292,2,0,0,1,0,1,1,0,0
534,0,30.0,8.6625,0,0,0,1,1,0,0,0,1
535,1,7.0,26.25,2,0,1,0,1,0,0,0,1
536,0,45.0,26.55,0,1,0,0,0,1,0,0,1
537,1,30.0,106.425,0,1,0,0,1,0,1,0,0
539,1,22.0,49.5,2,1,0,0,1,0,1,0,0
540,1,36.0,71.0,2,1,0,0,1,0,0,0,1
541,0,9.0,31.275,6,0,0,1,1,0,0,0,1
542,0,11.0,31.275,6,0,0,1,1,0,0,0,1
543,1,32.0,26.0,1,0,1,0,0,1,0,0,1
544,0,50.0,106.425,1,1,0,0,0,1,1,0,0
545,0,64.0,26.0,0,1,0,0,0,1,0,0,1
546,1,19.0,26.0,1,0,1,0,1,0,0,0,1
548,0,33.0,20.525,2,0,0,1,0,1,0,0,1
549,1,8.0,36.75,2,0,1,0,0,1,0,0,1
550,1,17.0,110.8833,2,1,0,0,0,1,1,0,0
551,0,27.0,26.0,0,0,1,0,0,1,0,0,1
553,1,22.0,7.225,0,0,0,1,0,1,1,0,0
554,1,22.0,7.775,0,0,0,1,1,0,0,0,1
555,0,62.0,26.55,0,1,0,0,0,1,0,0,1
556,1,48.0,39.6,1,1,0,0,1,0,1,0,0
558,1,39.0,79.65,2,1,0,0,1,0,0,0,1
559,1,36.0,17.4,1,0,0,1,1,0,0,0,1
561,0,40.0,7.8958,0,0,0,1,0,1,0,0,1
562,0,28.0,13.5,0,0,1,0,0,1,0,0,1
565,0,24.0,24.15,2,0,0,1,0,1,0,0,1
566,0,19.0,7.8958,0,0,0,1,0,1,0,0,1
567,0,29.0,21.075,4,0,0,1,1,0,0,0,1
569,1,32.0,7.8542,0,0,0,1,0,1,0,0,1
570,1,62.0,10.5,0,0,1,0,0,1,0,0,1
571,1,53.0,51.4792,2,1,0,0,1,0,0,0,1
572,1,36.0,26.3875,0,1,0,0,0,1,0,0,1
574,0,16.0,8.05,0,0,0,1,0,1,0,0,1
575,0,19.0,14.5,0,0,0,1,0,1,0,0,1
576,1,34.0,13.0,0,0,1,0,1,0,0,0,1
577,1,39.0,55.9,1,1,0,0,1,0,0,0,1
579,1,32.0,7.925,0,0,0,1,0,1,0,0,1
580,1,25.0,30.0,2,0,1,0,1,0,0,0,1
581,1,39.0,110.8833,2,1,0,0,1,0,1,0,0
582,0,54.0,26.0,0,0,1,0,0,1,0,0,1
583,0,36.0,40.125,0,1,0,0,0,1,1,0,0
585,1,18.0,79.65,2,1,0,0,1,0,0,0,1
586,0,47.0,15.0,0,0,1,0,0,1,0,0,1
587,1,60.0,79.2,2,1,0,0,0,1,1,0,0
588,0,22.0,8.05,0,0,0,1,0,1,0,0,1
590,0,35.0,7.125,0,0,0,1,0,1,0,0,1
591,1,52.0,78.2667,1,1,0,0,1,0,1,0,0
592,0,47.0,7.25,0,0,0,1,0,1,0,0,1
594,0,37.0,26.0,1,0,1,0,0,1,0,0,1
595,0,36.0,24.15,2,0,0,1,0,1,0,0,1
597,0,49.0,0.0,0,0,0,1,0,1,0,0,1
599,1,49.0,56.9292,1,1,0,0,0,1,1,0,0
600,1,24.0,27.0,3,0,1,0,1,0,0,0,1
603,0,44.0,8.05,0,0,0,1,0,1,0,0,1
604,1,35.0,26.55,0,1,0,0,0,1,1,0,0
605,0,36.0,15.55,1,0,0,1,0,1,0,0,1
606,0,30.0,7.8958,0,0,0,1,0,1,0,0,1
607,1,27.0,30.5,0,1,0,0,0,1,0,0,1
608,1,22.0,41.5792,3,0,1,0,1,0,1,0,0
609,1,40.0,153.4625,0,1,0,0,1,0,0,0,1
610,0,39.0,31.275,6,0,0,1,1,0,0,0,1
614,0,35.0,8.05,0,0,0,1,0,1,0,0,1
615,1,24.0,65.0,3,0,1,0,1,0,0,0,1
616,0,34.0,14.4,2,0,0,1,0,1,0,0,1
617,0,26.0,16.1,1,0,0,1,1,0,0,0,1
618,1,4.0,39.0,3,0,1,0,1,0,0,0,1
619,0,26.0,10.5,0,0,1,0,0,1,0,0,1
620,0,27.0,14.4542,1,0,0,1,0,1,1,0,0
621,1,42.0,52.5542,1,1,0,0,0,1,0,0,1
622,1,20.0,15.7417,2,0,0,1,0,1,1,0,0
623,0,21.0,7.8542,0,0,0,1,0,1,0,0,1
624,0,21.0,16.1,0,0,0,1,0,1,0,0,1
625,0,61.0,32.3208,0,1,0,0,0,1,0,0,1
626,0,57.0,12.35,0,0,1,0,0,1,0,1,0
627,1,21.0,77.9583,0,1,0,0,1,0,0,0,1
628,0,26.0,7.8958,0,0,0,1,0,1,0,0,1
630,1,80.0,30.0,0,1,0,0,0,1,0,0,1
631,0,51.0,7.0542,0,0,0,1,0,1,0,0,1
632,1,32.0,30.5,0,1,0,0,0,1,1,0,0
634,0,9.0,27.9,5,0,0,1,1,0,0,0,1
635,1,28.0,13.0,0,0,1,0,1,0,0,0,1
636,0,32.0,7.925,0,0,0,1,0,1,0,0,1
637,0,31.0,26.25,2,0,1,0,0,1,0,0,1
638,0,41.0,39.6875,5,0,0,1,1,0,0,0,1
640,0,20.0,7.8542,0,0,0,1,0,1,0,0,1
641,1,24.0,69.3,0,1,0,0,1,0,1,0,0
642,0,2.0,27.9,5,0,0,1,1,0,0,0,1
644,1,0.75,19.2583,3,0,0,1,1,0,1,0,0
645,1,48.0,76.7292,1,1,0,0,0,1,1,0,0
646,0,19.0,7.8958,0,0,0,1,0,1,0,0,1
647,1,56.0,35.5,0,1,0,0,0,1,1,0,0
649,1,23.0,7.55,0,0,0,1,1,0,0,0,1
651,1,18.0,23.0,1,0,1,0,1,0,0,0,1
652,0,21.0,8.4333,0,0,0,1,0,1,0,0,1
654,0,18.0,6.75,0,0,0,1,1,0,0,1,0
655,0,24.0,73.5,2,0,1,0,0,1,0,0,1
657,0,32.0,15.5,2,0,0,1,1,0,0,1,0
658,0,23.0,13.0,0,0,1,0,0,1,0,0,1
659,0,58.0,113.275,2,1,0,0,0,1,1,0,0
660,1,50.0,133.65,2,1,0,0,0,1,0,0,1
661,0,40.0,7.225,0,0,0,1,0,1,1,0,0
662,0,47.0,25.5875,0,1,0,0,0,1,0,0,1
663,0,36.0,7.4958,0,0,0,1,0,1,0,0,1
664,1,20.0,7.925,1,0,0,1,0,1,0,0,1
665,0,32.0,73.5,2,0,1,0,0,1,0,0,1
666,0,25.0,13.0,0,0,1,0,0,1,0,0,1
668,0,43.0,8.05,0,0,0,1,0,1,0,0,1
670,1,40.0,39.0,2,0,1,0,1,0,0,0,1
671,0,31.0,52.0,1,1,0,0,0,1,0,0,1
672,0,70.0,10.5,0,0,1,0,0,1,0,0,1
673,1,31.0,13.0,0,0,1,0,0,1,0,0,1
675,0,18.0,7.775,0,0,0,1,0,1,0,0,1
676,0,24.5,8.05,0,0,0,1,0,1,0,0,1
677,1,18.0,9.8417,0,0,0,1,1,0,0,0,1
678,0,43.0,46.9,7,0,0,1,1,0,0,0,1
679,1,36.0,512.3292,1,1,0,0,0,1,1,0,0
681,1,27.0,76.7292,0,1,0,0,0,1,1,0,0
682,0,20.0,9.225,0,0,0,1,0,1,0,0,1
683,0,14.0,46.9,7,0,0,1,0,1,0,0,1
684,0,60.0,39.0,2,0,1,0,0,1,0,0,1
685,0,25.0,41.5792,3,0,1,0,0,1,1,0,0
686,0,14.0,39.6875,5,0,0,1,0,1,0,0,1
687,0,19.0,10.1708,0,0,0,1,0,1,0,0,1
688,0,18.0,7.7958,0,0,0,1,0,1,0,0,1
689,1,15.0,211.3375,1,1,0,0,1,0,0,0,1
690,1,31.0,57.0,1,1,0,0,0,1,0,0,1
691,1,4.0,13.4167,1,0,0,1,1,0,1,0,0
693,0,25.0,7.225,0,0,0,1,0,1,1,0,0
694,0,60.0,26.55,0,1,0,0,0,1,0,0,1
695,0,52.0,13.5,0,0,1,0,0,1,0,0,1
696,0,44.0,8.05,0,0,0,1,0,1,0,0,1
698,0,49.0,110.8833,2,1,0,0,0,1,1,0,0
699,0,42.0,7.65,0,0,0,1,0,1,0,0,1
700,1,18.0,227.525,1,1,0,0,1,0,1,0,0
701,1,35.0,26.2875,0,1,0,0,0,1,0,0,1
702,0,18.0,14.4542,1,0,0,1,1,0,1,0,0
703,0,25.0,7.7417,0,0,0,1,0,1,0,1,0
704,0,26.0,7.8542,1,0,0,1,0,1,0,0,1
705,0,39.0,26.0,0,0,1,0,0,1,0,0,1
706,1,45.0,13.5,0,0,1,0,1,0,0,0,1
707,1,42.0,26.2875,0,1,0,0,0,1,0,0,1
708,1,22.0,151.55,0,1,0,0,1,0,0,0,1
710,1,24.0,49.5042,0,1,0,0,1,0,1,0,0
712,1,48.0,52.0,1,1,0,0,0,1,0,0,1
713,0,29.0,9.4833,0,0,0,1,0,1,0,0,1
714,0,52.0,13.0,0,0,1,0,0,1,0,0,1
715,0,19.0,7.65,0,0,0,1,0,1,0,0,1
716,1,38.0,227.525,0,1,0,0,1,0,1,0,0
717,1,27.0,10.5,0,0,1,0,1,0,0,0,1
719,0,33.0,7.775,0,0,0,1,0,1,0,0,1
720,1,6.0,33.0,1,0,1,0,1,0,0,0,1
721,0,17.0,7.0542,1,0,0,1,0,1,0,0,1
722,0,34.0,13.0,0,0,1,0,0,1,0,0,1
723,0,50.0,13.0,0,0,1,0,0,1,0,0,1
724,1,27.0,53.1,1,1,0,0,0,1,0,0,1
725,0,20.0,8.6625,0,0,0,1,0,1,0,0,1
726,1,30.0,21.0,3,0,1,0,1,0,0,0,1
728,0,25.0,26.0,1,0,1,0,0,1,0,0,1
729,0,25.0,7.925,1,0,0,1,1,0,0,0,1
730,1,29.0,211.3375,0,1,0,0,1,0,0,0,1
731,0,11.0,18.7875,0,0,0,1,0,1,1,0,0
733,0,23.0,13.0,0,0,1,0,0,1,0,0,1
734,0,23.0,13.0,0,0,1,0,0,1,0,0,1
735,0,28.5,16.1,0,0,0,1,0,1,0,0,1
736,0,48.0,34.375,4,0,0,1,1,0,0,0,1
737,1,35.0,512.3292,0,1,0,0,0,1,1,0,0
741,0,36.0,78.85,1,1,0,0,0,1,0,0,1
742,1,21.0,262.375,4,1,0,0,1,0,1,0,0
743,0,24.0,16.1,1,0,0,1,0,1,0,0,1
744,1,31.0,7.925,0,0,0,1,0,1,0,0,1
745,0,70.0,71.0,2,1,0,0,0,1,0,0,1
746,0,16.0,20.25,2,0,0,1,0,1,0,0,1
747,1,30.0,13.0,0,0,1,0,1,0,0,0,1
748,0,19.0,53.1,1,1,0,0,0,1,0,0,1
749,0,31.0,7.75,0,0,0,1,0,1,0,1,0
750,1,4.0,23.0,2,0,1,0,1,0,0,0,1
751,1,6.0,12.475,1,0,0,1,0,1,0,0,1
752,0,33.0,9.5,0,0,0,1,0,1,0,0,1
753,0,23.0,7.8958,0,0,0,1,0,1,0,0,1
754,1,48.0,65.0,3,0,1,0,1,0,0,0,1
755,1,0.67,14.5,2,0,1,0,0,1,0,0,1
756,0,28.0,7.7958,0,0,0,1,0,1,0,0,1
757,0,18.0,11.5,0,0,1,0,0,1,0,0,1
758,0,34.0,8.05,0,0,0,1,0,1,0,0,1
759,1,33.0,86.5,0,1,0,0,1,0,0,0,1
761,0,41.0,7.125,0,0,0,1,0,1,0,0,1
762,1,20.0,7.2292,0,0,0,1,0,1,1,0,0
763,1,36.0,120.0,3,1,0,0,1,0,0,0,1
764,0,16.0,7.775,0,0,0,1,0,1,0,0,1
765,1,51.0,77.9583,1,1,0,0,1,0,0,0,1
767,0,30.5,7.75,0,0,0,1,1,0,0,1,0
769,0,32.0,8.3625,0,0,0,1,0,1,0,0,1
770,0,24.0,9.5,0,0,0,1,0,1,0,0,1
771,0,48.0,7.8542,0,0,0,1,0,1,0,0,1
772,0,57.0,10.5,0,0,1,0,1,0,0,0,1
774,1,54.0,23.0,4,0,1,0,1,0,0,0,1
775,0,18.0,7.75,0,0,0,1,0,1,0,0,1
777,1,5.0,12.475,0,0,0,1,1,0,0,0,1
779,1,43.0,211.3375,1,1,0,0,1,0,0,0,1
780,1,13.0,7.2292,0,0,0,1,1,0,1,0,0
781,1,17.0,57.0,1,1,0,0,1,0,0,0,1
782,0,29.0,30.0,0,1,0,0,0,1,0,0,1
784,0,25.0,7.05,0,0,0,1,0,1,0,0,1
785,0,25.0,7.25,0,0,0,1,0,1,0,0,1
786,1,18.0,7.4958,0,0,0,1,1,0,0,0,1
787,0,8.0,29.125,5,0,0,1,0,1,0,1,0
788,1,1.0,20.575,3,0,0,1,0,1,0,0,1
789,0,46.0,79.2,0,1,0,0,0,1,1,0,0
791,0,16.0,26.0,0,0,1,0,0,1,0,0,1
794,0,25.0,7.8958,0,0,0,1,0,1,0,0,1
795,0,39.0,13.0,0,0,1,0,0,1,0,0,1
796,1,49.0,25.9292,0,1,0,0,1,0,0,0,1
797,1,31.0,8.6833,0,0,0,1,1,0,0,0,1
798,0,30.0,7.2292,0,0,0,1,0,1,1,0,0
799,0,30.0,24.15,2,0,0,1,1,0,0,0,1
800,0,34.0,13.0,0,0,1,0,0,1,0,0,1
801,1,31.0,26.25,2,0,1,0,1,0,0,0,1
802,1,11.0,120.0,3,1,0,0,0,1,0,0,1
803,1,0.42,8.5167,1,0,0,1,0,1,1,0,0
804,1,27.0,6.975,0,0,0,1,0,1,0,0,1
805,0,31.0,7.775,0,0,0,1,0,1,0,0,1
806,0,39.0,0.0,0,1,0,0,0,1,0,0,1
807,0,18.0,7.775,0,0,0,1,1,0,0,0,1
808,0,39.0,13.0,0,0,1,0,0,1,0,0,1
809,1,33.0,53.1,1,1,0,0,1,0,0,0,1
810,0,26.0,7.8875,0,0,0,1,0,1,0,0,1
811,0,39.0,24.15,0,0,0,1,0,1,0,0,1
812,0,35.0,10.5,0,0,1,0,0,1,0,0,1
813,0,6.0,31.275,6,0,0,1,1,0,0,0,1
814,0,30.5,8.05,0,0,0,1,0,1,0,0,1
816,0,23.0,7.925,0,0,0,1,1,0,0,0,1
817,0,31.0,37.0042,2,0,1,0,0,1,1,0,0
818,0,43.0,6.45,0,0,0,1,0,1,0,0,1
819,0,10.0,27.9,5,0,0,1,0,1,0,0,1
820,1,52.0,93.5,2,1,0,0,1,0,0,0,1
821,1,27.0,8.6625,0,0,0,1,0,1,0,0,1
822,0,38.0,0.0,0,1,0,0,0,1,0,0,1
823,1,27.0,12.475,1,0,0,1,1,0,0,0,1
824,0,2.0,39.6875,5,0,0,1,0,1,0,0,1
827,1,1.0,37.0042,2,0,1,0,0,1,1,0,0
830,1,15.0,14.4542,1,0,0,1,1,0,1,0,0
831,1,0.83,18.75,2,0,1,0,0,1,0,0,1
833,0,23.0,7.8542,0,0,0,1,0,1,0,0,1
834,0,18.0,8.3,0,0,0,1,0,1,0,0,1
835,1,39.0,83.1583,2,1,0,0,1,0,1,0,0
836,0,21.0,8.6625,0,0,0,1,0,1,0,0,1
838,1,32.0,56.4958,0,0,0,1,0,1,0,0,1
840,0,20.0,7.925,0,0,0,1,0,1,0,0,1
841,0,16.0,10.5,0,0,1,0,0,1,0,0,1
842,1,30.0,31.0,0,1,0,0,1,0,1,0,0
843,0,34.5,6.4375,0,0,0,1,0,1,1,0,0
844,0,17.0,8.6625,0,0,0,1,0,1,0,0,1
845,0,42.0,7.55,0,0,0,1,0,1,0,0,1
847,0,35.0,7.8958,0,0,0,1,0,1,1,0,0
848,0,28.0,33.0,1,0,1,0,0,1,0,0,1
850,0,4.0,31.275,6,0,0,1,0,1,0,0,1
851,0,74.0,7.775,0,0,0,1,0,1,0,0,1
852,0,9.0,15.2458,2,0,0,1,1,0,1,0,0
853,1,16.0,39.4,1,1,0,0,1,0,0,0,1
854,0,44.0,26.0,1,0,1,0,1,0,0,0,1
855,1,18.0,9.35,1,0,0,1,1,0,0,0,1
856,1,45.0,164.8667,2,1,0,0,1,0,0,0,1
857,1,51.0,26.55,0,1,0,0,0,1,0,0,1
858,1,24.0,19.2583,3,0,0,1,1,0,1,0,0
860,0,41.0,14.1083,2,0,0,1,0,1,0,0,1
861,0,21.0,11.5,1,0,1,0,0,1,0,0,1
862,1,48.0,25.9292,0,1,0,0,1,0,0,0,1
864,0,24.0,13.0,0,0,1,0,0,1,0,0,1
865,1,42.0,13.0,0,0,1,0,1,0,0,0,1
866,1,27.0,13.8583,1,0,1,0,1,0,1,0,0
867,0,31.0,50.4958,0,1,0,0,0,1,0,0,1
869,1,4.0,11.1333,2,0,0,1,0,1,0,0,1
870,0,26.0,7.8958,0,0,0,1,0,1,0,0,1
871,1,47.0,52.5542,2,1,0,0,1,0,0,0,1
872,0,33.0,5.0,0,1,0,0,0,1,0,0,1
873,0,47.0,9.0,0,0,0,1,0,1,0,0,1
874,1,28.0,24.0,1,0,1,0,1,0,1,0,0
875,1,15.0,7.225,0,0,0,1,1,0,1,0,0
876,0,20.0,9.8458,0,0,0,1,0,1,0,0,1
877,0,19.0,7.8958,0,0,0,1,0,1,0,0,1
879,1,56.0,83.1583,1,1,0,0,1,0,1,0,0
880,1,25.0,26.0,1,0,1,0,1,0,0,0,1
881,0,33.0,7.8958,0,0,0,1,0,1,0,0,1
882,0,22.0,10.5167,0,0,0,1,1,0,0,0,1
883,0,28.0,10.5,0,0,1,0,0,1,0,0,1
884,0,25.0,7.05,0,0,0,1,0,1,0,0,1
885,0,39.0,29.125,5,0,0,1,1,0,0,1,0
886,0,27.0,13.0,0,0,1,0,0,1,0,0,1
887,1,19.0,30.0,0,1,0,0,1,0,0,0,1
889,1,26.0,30.0,0,1,0,0,0,1,1,0,0
890,0,32.0,7.75,0,0,0,1,0,1,0,1,0
